"Latitude","Longitude","OBJECTID","PONTO_RECOLHA_FREGUESIA","PONTO_RECOLHA_LOCAL","CONTENTOR_RESÍDUO","CONTENTOR_TIPO","CONTENTOR_CAPACIDADE","CONTENTOR_QT","CONTENTOR_TOTAL_LITROS"
"-9.1433088091479","38.708078785702","355","Misericórdia","15805: R do Alecrim (Par (->)(26->30): R Ferragial - R Ataíde)","Lixos","CV0090","90","1","90"
"-9.1433088091479","38.708078785702","356","Misericórdia","15805: R do Alecrim (Par (->)(26->30): R Ferragial - R Ataíde)","Lixos","CV0240","240","7","1680"
"-9.1433088091479","38.708078785702","357","Misericórdia","15805: R do Alecrim (Par (->)(26->30): R Ferragial - R Ataíde)","Lixos","CV0090","90","1","90"
"-9.1433088091479","38.708078785702","358","Misericórdia","15805: R do Alecrim (Par (->)(26->30): R Ferragial - R Ataíde)","Papel e Cartão","CV0240","240","6","1440"
"-9.1433088091479","38.708078785702","359","Misericórdia","15805: R do Alecrim (Par (->)(26->30): R Ferragial - R Ataíde)","Papel e Cartão","CV0090","90","1","90"
"-9.1433777782022","38.708078189157","364","Misericórdia","15806: R do Alecrim (Impar (27->53)(->): R Ataíde - R Ferragial)","Lixos","CV0240","240","1","240"
"-9.1433777782022","38.708078189157","365","Misericórdia","15806: R do Alecrim (Impar (27->53)(->): R Ataíde - R Ferragial)","Lixos","CV0140","140","6","840"
"-9.1433777782022","38.708078189157","366","Misericórdia","15806: R do Alecrim (Impar (27->53)(->): R Ataíde - R Ferragial)","Lixos","CV0120","120","1","120"
"-9.1433777782022","38.708078189157","367","Misericórdia","15806: R do Alecrim (Impar (27->53)(->): R Ataíde - R Ferragial)","Lixos","CV0090","90","2","180"
"-9.1433777782022","38.708078189157","368","Misericórdia","15806: R do Alecrim (Impar (27->53)(->): R Ataíde - R Ferragial)","Lixos","CV0240","240","1","240"
"-9.1433777782022","38.708078189157","369","Misericórdia","15806: R do Alecrim (Impar (27->53)(->): R Ataíde - R Ferragial)","Lixos","CV0140","140","6","840"
"-9.1433777782022","38.708078189157","370","Misericórdia","15806: R do Alecrim (Impar (27->53)(->): R Ataíde - R Ferragial)","Lixos","CV0120","120","1","120"
"-9.1433777782022","38.708078189157","360","Misericórdia","15806: R do Alecrim (Impar (27->53)(->): R Ataíde - R Ferragial)","Lixos","CV0090","90","2","180"
"-9.1433777782022","38.708078189157","361","Misericórdia","15806: R do Alecrim (Impar (27->53)(->): R Ataíde - R Ferragial)","Papel e Cartão","CV0140","140","2","280"
"-9.1433777782022","38.708078189157","362","Misericórdia","15806: R do Alecrim (Impar (27->53)(->): R Ataíde - R Ferragial)","Papel e Cartão","CV0090","90","1","90"
"-9.1433777782022","38.708078189157","363","Misericórdia","15806: R do Alecrim (Impar (27->53)(->): R Ataíde - R Ferragial)","Papel e Cartão","CA0090","90","1","90"
"-9.1434818067053","38.707302615704","371","Misericórdia","15807: R do Alecrim (Impar (5->25)(->): R Ferragial - Pc Duque da Terceira)","Lixos","CV0240","240","1","240"
"-9.1434818067053","38.707302615704","372","Misericórdia","15807: R do Alecrim (Impar (5->25)(->): R Ferragial - Pc Duque da Terceira)","Lixos","CV0140","140","3","420"
"-9.1434818067053","38.707302615704","373","Misericórdia","15807: R do Alecrim (Impar (5->25)(->): R Ferragial - Pc Duque da Terceira)","Lixos","CV0240","240","1","240"
"-9.1434818067053","38.707302615704","374","Misericórdia","15807: R do Alecrim (Impar (5->25)(->): R Ferragial - Pc Duque da Terceira)","Lixos","CV0140","140","3","420"
"-9.1434818067053","38.707302615704","375","Misericórdia","15807: R do Alecrim (Impar (5->25)(->): R Ferragial - Pc Duque da Terceira)","Papel e Cartão","CV0240","240","1","240"
"-9.1434818067053","38.707302615704","376","Misericórdia","15807: R do Alecrim (Impar (5->25)(->): R Ferragial - Pc Duque da Terceira)","Papel e Cartão","CV0140","140","1","140"
"-9.142550986781","38.707328683822","377","Misericórdia","15808: R Corpo Santo (Ambos (->)(10->26): Lg Corpo Santo - Tv Corpo Santo)","Lixos","CV0140","140","2","280"
"-9.142550986781","38.707328683822","378","Misericórdia","15808: R Corpo Santo (Ambos (->)(10->26): Lg Corpo Santo - Tv Corpo Santo)","Lixos","CV0240","240","4","960"
"-9.142550986781","38.707328683822","379","Misericórdia","15808: R Corpo Santo (Ambos (->)(10->26): Lg Corpo Santo - Tv Corpo Santo)","Lixos","CV0140","140","2","280"
"-9.142550986781","38.707328683822","380","Misericórdia","15808: R Corpo Santo (Ambos (->)(10->26): Lg Corpo Santo - Tv Corpo Santo)","Lixos","CV0240","240","4","960"
"-9.142765960815","38.707083613552","381","Misericórdia","15809: Tv Corpo Santo (Ambos (->)(->): R Corpo Santo - R Bernardino da Costa)","Lixos","CV0140","140","2","280"
"-9.142765960815","38.707083613552","382","Misericórdia","15809: Tv Corpo Santo (Ambos (->)(->): R Corpo Santo - R Bernardino da Costa)","Lixos","CV0120","120","1","120"
"-9.1426225690344","38.706697516817","383","Misericórdia","15810: Tv Corpo Santo (Ambos (->)(->): R Bernardino da Costa - Cais do Sodré)","Lixos","CV0240","240","4","960"
"-9.1426225690344","38.706697516817","384","Misericórdia","15810: Tv Corpo Santo (Ambos (->)(->): R Bernardino da Costa - Cais do Sodré)","Lixos","CV0240","240","4","960"
"-9.1426225690344","38.706697516817","385","Misericórdia","15810: Tv Corpo Santo (Ambos (->)(->): R Bernardino da Costa - Cais do Sodré)","Papel e Cartão","CV0240","240","1","240"
"-9.1424083558734","38.706996627425","386","Misericórdia","15811: R Bernardino da Costa (Ambos (7->29)(->22): Lg Corpo Santo - Tv Corpo Santo)","Lixos","CV0140","140","3","420"
"-9.1424083558734","38.706996627425","387","Misericórdia","15811: R Bernardino da Costa (Ambos (7->29)(->22): Lg Corpo Santo - Tv Corpo Santo)","Lixos","CV0240","240","4","960"
"-9.1424083558734","38.706996627425","388","Misericórdia","15811: R Bernardino da Costa (Ambos (7->29)(->22): Lg Corpo Santo - Tv Corpo Santo)","Lixos","CV0140","140","3","420"
"-9.1424083558734","38.706996627425","389","Misericórdia","15811: R Bernardino da Costa (Ambos (7->29)(->22): Lg Corpo Santo - Tv Corpo Santo)","Lixos","CV0240","240","4","960"
"-9.1424083558734","38.706996627425","390","Misericórdia","15811: R Bernardino da Costa (Ambos (7->29)(->22): Lg Corpo Santo - Tv Corpo Santo)","Papel e Cartão","CV0240","240","1","240"
"-9.1430501554316","38.706855958922","391","Misericórdia","15812: R Bernardino da Costa (Ambos (35->45)(32->54): Tv Corpo Santo - Pc Duque da Terceira)","Lixos","CV0140","140","5","700"
"-9.1430501554316","38.706855958922","392","Misericórdia","15812: R Bernardino da Costa (Ambos (35->45)(32->54): Tv Corpo Santo - Pc Duque da Terceira)","Lixos","CV0240","240","3","720"
"-9.1430501554316","38.706855958922","393","Misericórdia","15812: R Bernardino da Costa (Ambos (35->45)(32->54): Tv Corpo Santo - Pc Duque da Terceira)","Lixos","CV0120","120","3","360"
"-9.1430501554316","38.706855958922","394","Misericórdia","15812: R Bernardino da Costa (Ambos (35->45)(32->54): Tv Corpo Santo - Pc Duque da Terceira)","Lixos","CV0140","140","5","700"
"-9.1430501554316","38.706855958922","395","Misericórdia","15812: R Bernardino da Costa (Ambos (35->45)(32->54): Tv Corpo Santo - Pc Duque da Terceira)","Lixos","CV0240","240","3","720"
"-9.1430501554316","38.706855958922","396","Misericórdia","15812: R Bernardino da Costa (Ambos (35->45)(32->54): Tv Corpo Santo - Pc Duque da Terceira)","Lixos","CV0120","120","3","360"
"-9.1512511235953","38.708775447035","397","Misericórdia","15813: Lg Conde-Barão (Ambos (1->57)(4->50): R da Boavista - Bqr do Duro)","Lixos","CV0240","240","10","2400"
"-9.1512511235953","38.708775447035","398","Misericórdia","15813: Lg Conde-Barão (Ambos (1->57)(4->50): R da Boavista - Bqr do Duro)","Lixos","CV0140","140","7","980"
"-9.1512511235953","38.708775447035","399","Misericórdia","15813: Lg Conde-Barão (Ambos (1->57)(4->50): R da Boavista - Bqr do Duro)","Lixos","CV0090","90","1","90"
"-9.1512511235953","38.708775447035","400","Misericórdia","15813: Lg Conde-Barão (Ambos (1->57)(4->50): R da Boavista - Bqr do Duro)","Lixos","CV0240","240","10","2400"
"-9.1512511235953","38.708775447035","401","Misericórdia","15813: Lg Conde-Barão (Ambos (1->57)(4->50): R da Boavista - Bqr do Duro)","Lixos","CV0140","140","7","980"
"-9.1512511235953","38.708775447035","402","Misericórdia","15813: Lg Conde-Barão (Ambos (1->57)(4->50): R da Boavista - Bqr do Duro)","Lixos","CV0090","90","1","90"
"-9.1517894641821","38.708635632331","406","Misericórdia","15814: Lg Conde-Barão (Ambos (25->29)(22->32): Bqr do Duro - R Mastros)","Lixos","CV0120","120","2","240"
"-9.1517894641821","38.708635632331","407","Misericórdia","15814: Lg Conde-Barão (Ambos (25->29)(22->32): Bqr do Duro - R Mastros)","Lixos","CV0140","140","5","700"
"-9.1517894641821","38.708635632331","408","Misericórdia","15814: Lg Conde-Barão (Ambos (25->29)(22->32): Bqr do Duro - R Mastros)","Lixos","CV0090","90","1","90"
"-9.1517894641821","38.708635632331","409","Misericórdia","15814: Lg Conde-Barão (Ambos (25->29)(22->32): Bqr do Duro - R Mastros)","Lixos","CV0240","240","2","480"
"-9.1517894641821","38.708635632331","410","Misericórdia","15814: Lg Conde-Barão (Ambos (25->29)(22->32): Bqr do Duro - R Mastros)","Lixos","CV0120","120","2","240"
"-9.1517894641821","38.708635632331","403","Misericórdia","15814: Lg Conde-Barão (Ambos (25->29)(22->32): Bqr do Duro - R Mastros)","Lixos","CV0140","140","5","700"
"-9.1517894641821","38.708635632331","404","Misericórdia","15814: Lg Conde-Barão (Ambos (25->29)(22->32): Bqr do Duro - R Mastros)","Lixos","CV0090","90","1","90"
"-9.1517894641821","38.708635632331","405","Misericórdia","15814: Lg Conde-Barão (Ambos (25->29)(22->32): Bqr do Duro - R Mastros)","Lixos","CV0240","240","2","480"
"-9.1520189792456","38.708606605818","411","Misericórdia","15815: Lg Conde-Barão (Ambos (35->39)(34->38): R Mastros - Tv do Cais do Tojo)","Lixos","CV0120","120","1","120"
"-9.1520189792456","38.708606605818","412","Misericórdia","15815: Lg Conde-Barão (Ambos (35->39)(34->38): R Mastros - Tv do Cais do Tojo)","Lixos","CV0140","140","2","280"
"-9.1520189792456","38.708606605818","413","Misericórdia","15815: Lg Conde-Barão (Ambos (35->39)(34->38): R Mastros - Tv do Cais do Tojo)","Lixos","CV0240","240","1","240"
"-9.1520189792456","38.708606605818","414","Misericórdia","15815: Lg Conde-Barão (Ambos (35->39)(34->38): R Mastros - Tv do Cais do Tojo)","Lixos","CV0120","120","1","120"
"-9.1520189792456","38.708606605818","415","Misericórdia","15815: Lg Conde-Barão (Ambos (35->39)(34->38): R Mastros - Tv do Cais do Tojo)","Lixos","CV0140","140","2","280"
"-9.1520189792456","38.708606605818","416","Misericórdia","15815: Lg Conde-Barão (Ambos (35->39)(34->38): R Mastros - Tv do Cais do Tojo)","Lixos","CV0240","240","1","240"
"-9.1491055271836","38.709073383915","417","Misericórdia","15818: Tv Marquês de Sampaio (Ambos (->)(->): R da Boavista - R da Boavista)","Lixos","CV0240","240","1","240"
"-9.1476497614516","38.708563591768","418","Misericórdia","15819: R da Boavista (Ambos (1->9)(2->32): R São Paulo - Tv Marquês de Sampaio)","Lixos","CV0140","140","9","1260"
"-9.1476497614516","38.708563591768","419","Misericórdia","15819: R da Boavista (Ambos (1->9)(2->32): R São Paulo - Tv Marquês de Sampaio)","Lixos","CV0120","120","2","240"
"-9.1476497614516","38.708563591768","420","Misericórdia","15819: R da Boavista (Ambos (1->9)(2->32): R São Paulo - Tv Marquês de Sampaio)","Lixos","CV0240","240","3","720"
"-9.1476497614516","38.708563591768","421","Misericórdia","15819: R da Boavista (Ambos (1->9)(2->32): R São Paulo - Tv Marquês de Sampaio)","Lixos","CV0090","90","2","180"
"-9.1476497614516","38.708563591768","422","Misericórdia","15819: R da Boavista (Ambos (1->9)(2->32): R São Paulo - Tv Marquês de Sampaio)","Lixos","CV1100","1100","1","1100"
"-9.1485717796828","38.708726722847","423","Misericórdia","15820: R da Boavista (Ambos (->)(34->84): Tv Marquês de Sampaio - Bqr dos Ferreiros)","Lixos","CV0140","140","6","840"
"-9.1485717796828","38.708726722847","424","Misericórdia","15820: R da Boavista (Ambos (->)(34->84): Tv Marquês de Sampaio - Bqr dos Ferreiros)","Lixos","CV0240","240","2","480"
"-9.1485717796828","38.708726722847","425","Misericórdia","15820: R da Boavista (Ambos (->)(34->84): Tv Marquês de Sampaio - Bqr dos Ferreiros)","Lixos","CV0090","90","1","90"
"-9.1491134458328","38.708821095964","426","Misericórdia","15821: R da Boavista (Ambos (45->49)(86->90): Bqr dos Ferreiros - Tv Marquês de Sampaio)","Lixos","CV0140","140","2","280"
"-9.1491134458328","38.708821095964","427","Misericórdia","15821: R da Boavista (Ambos (45->49)(86->90): Bqr dos Ferreiros - Tv Marquês de Sampaio)","Lixos","CV0240","240","2","480"
"-9.1491134458328","38.708821095964","428","Misericórdia","15821: R da Boavista (Ambos (45->49)(86->90): Bqr dos Ferreiros - Tv Marquês de Sampaio)","Lixos","CV0090","90","1","90"
"-9.1494935463857","38.708871834721","429","Misericórdia","15822: R da Boavista (Ambos (51->67)(96->118): Tv Marquês de Sampaio - Pto Galega (Rua da Boavista, 118))","Lixos","CV0090","90","2","180"
"-9.1494935463857","38.708871834721","430","Misericórdia","15822: R da Boavista (Ambos (51->67)(96->118): Tv Marquês de Sampaio - Pto Galega (Rua da Boavista, 118))","Lixos","CV0120","120","1","120"
"-9.1494935463857","38.708871834721","431","Misericórdia","15822: R da Boavista (Ambos (51->67)(96->118): Tv Marquês de Sampaio - Pto Galega (Rua da Boavista, 118))","Lixos","CV0140","140","1","140"
"-9.1494935463857","38.708871834721","432","Misericórdia","15822: R da Boavista (Ambos (51->67)(96->118): Tv Marquês de Sampaio - Pto Galega (Rua da Boavista, 118))","Lixos","CV0240","240","3","720"
"-9.1501838837153","38.708910860681","433","Misericórdia","15823: R da Boavista (Ambos (69->83)(120->176): Pto Galega (Rua da Boavista, 118) - R Instituto Industrial)","Lixos","CV0140","140","12","1680"
"-9.1501838837153","38.708910860681","434","Misericórdia","15823: R da Boavista (Ambos (69->83)(120->176): Pto Galega (Rua da Boavista, 118) - R Instituto Industrial)","Lixos","CV0090","90","3","270"
"-9.1501838837153","38.708910860681","435","Misericórdia","15823: R da Boavista (Ambos (69->83)(120->176): Pto Galega (Rua da Boavista, 118) - R Instituto Industrial)","Lixos","CV0240","240","13","3120"
"-9.1501838837153","38.708910860681","436","Misericórdia","15823: R da Boavista (Ambos (69->83)(120->176): Pto Galega (Rua da Boavista, 118) - R Instituto Industrial)","Lixos","CV0120","120","1","120"
"-9.1507931166494","38.708905550718","437","Misericórdia","15824: R da Boavista (Ambos (->93)(180->186): R Instituto Industrial - Lg Conde-Barão)","Lixos","CV0140","140","2","280"
"-9.1507931166494","38.708905550718","438","Misericórdia","15824: R da Boavista (Ambos (->93)(180->186): R Instituto Industrial - Lg Conde-Barão)","Lixos","CV0120","120","1","120"
"-9.1507931166494","38.708905550718","439","Misericórdia","15824: R da Boavista (Ambos (->93)(180->186): R Instituto Industrial - Lg Conde-Barão)","Lixos","CV0090","90","1","90"
"-9.1520603484611","38.708281963432","440","Misericórdia","15825: Tv do Cais do Tojo (Ambos (->)(->): R Cais do Tojo - R Cais do Tojo)","Lixos","CV0140","140","1","140"
"-9.1524721137295","38.708134243369","441","Misericórdia","15827: R Cais do Tojo (Ambos (33->57)(34->62): Av Dom Carlos I - Tv do Cais do Tojo)","Lixos","CV0240","240","8","1920"
"-9.1524721137295","38.708134243369","442","Misericórdia","15827: R Cais do Tojo (Ambos (33->57)(34->62): Av Dom Carlos I - Tv do Cais do Tojo)","Lixos","CV0120","120","1","120"
"-9.1517835757254","38.708221324148","443","Misericórdia","15828: R Cais do Tojo (Ambos (1->29)(10->30): Tv do Cais do Tojo - Bqr do Duro)","Lixos","CV0090","90","1","90"
"-9.1517835757254","38.708221324148","444","Misericórdia","15828: R Cais do Tojo (Ambos (1->29)(10->30): Tv do Cais do Tojo - Bqr do Duro)","Lixos","CV0120","120","1","120"
"-9.1517835757254","38.708221324148","445","Misericórdia","15828: R Cais do Tojo (Ambos (1->29)(10->30): Tv do Cais do Tojo - Bqr do Duro)","Lixos","CV0140","140","3","420"
"-9.1517835757254","38.708221324148","446","Misericórdia","15828: R Cais do Tojo (Ambos (1->29)(10->30): Tv do Cais do Tojo - Bqr do Duro)","Lixos","CV0240","240","2","480"
"-9.1515447433358","38.708403564302","447","Misericórdia","15830: Bqr do Duro (Ambos (->)(->): R Cais do Tojo - R Cais do Tojo)","Lixos","CV0240","240","5","1200"
"-9.1513885281045","38.707927512577","448","Misericórdia","15831: Bqr do Duro (Ambos (45->59)(34->54): R Cais do Tojo - R Dom Luís I)","Lixos","CV0120","120","2","240"
"-9.1513885281045","38.707927512577","449","Misericórdia","15831: Bqr do Duro (Ambos (45->59)(34->54): R Cais do Tojo - R Dom Luís I)","Lixos","CV0090","90","1","90"
"-9.1513885281045","38.707927512577","450","Misericórdia","15831: Bqr do Duro (Ambos (45->59)(34->54): R Cais do Tojo - R Dom Luís I)","Lixos","CV0140","140","2","280"
"-9.1513885281045","38.707927512577","451","Misericórdia","15831: Bqr do Duro (Ambos (45->59)(34->54): R Cais do Tojo - R Dom Luís I)","Lixos","CV0240","240","3","720"
"-9.147513948757","38.710339314756","452","Misericórdia","15832: Tv Santa Catarina, 4-6","Lixos","CV0240","240","1","240"
"-9.147513948757","38.710339314756","453","Misericórdia","15832: Tv Santa Catarina, 4-6","Lixos","CV0240","240","1","240"
"-9.147513948757","38.710339314756","454","Misericórdia","15832: Tv Santa Catarina, 4-6","Vidro","CV0240","240","1","240"
"-9.1485660187869","38.709942830329","455","Misericórdia","15833: R Ferreiros a Santa Catarina, 20","Lixos","CV0240","240","3","720"
"-9.1485660187869","38.709942830329","456","Misericórdia","15833: R Ferreiros a Santa Catarina, 20","Lixos","CV0240","240","3","720"
"-9.1504643287638","38.706800585086","457","Misericórdia","15834: R Instituto Industrial (Ambos (1->5)(2->14): Av 24 de Julho - R Dom Luís I)","Lixos","CV0140","140","1","140"
"-9.1504643287638","38.706800585086","458","Misericórdia","15834: R Instituto Industrial (Ambos (1->5)(2->14): Av 24 de Julho - R Dom Luís I)","Lixos","CV0240","240","8","1920"
"-9.1505486401448","38.707880789153","459","Misericórdia","15836: R Instituto Industrial (Ambos (7->9)(16->22): R Dom Luís I - R da Boavista)","Lixos","CV0240","240","23","5520"
"-9.1505486401448","38.707880789153","460","Misericórdia","15836: R Instituto Industrial (Ambos (7->9)(16->22): R Dom Luís I - R da Boavista)","Lixos","CV0140","140","1","140"
"-9.1485181242092","38.709808129428","461","Misericórdia","15838: R Santa Catarina, 19","Lixos","CV0240","240","4","960"
"-9.1485181242092","38.709808129428","462","Misericórdia","15838: R Santa Catarina, 19","Lixos","CV0240","240","4","960"
"-9.1470442520343","38.708019375789","463","Misericórdia","15841: R Moeda (Ambos (1->11)(2->6): R São Paulo - Pc Dom Luís I)","Lixos","CV0240","240","9","2160"
"-9.1470442520343","38.708019375789","464","Misericórdia","15841: R Moeda (Ambos (1->11)(2->6): R São Paulo - Pc Dom Luís I)","Lixos","CV0140","140","5","700"
"-9.1470442520343","38.708019375789","465","Misericórdia","15841: R Moeda (Ambos (1->11)(2->6): R São Paulo - Pc Dom Luís I)","Lixos","CV0240","240","9","2160"
"-9.1470442520343","38.708019375789","466","Misericórdia","15841: R Moeda (Ambos (1->11)(2->6): R São Paulo - Pc Dom Luís I)","Lixos","CV0140","140","5","700"
"-9.1461442182731","38.707783978131","467","Misericórdia","15842: Tv Carvalho (Ambos (->)(->): R Ribeira Nova - Tv Carvalho)","Lixos","CV0090","90","1","90"
"-9.1461442182731","38.707783978131","468","Misericórdia","15842: Tv Carvalho (Ambos (->)(->): R Ribeira Nova - Tv Carvalho)","Lixos","CV0090","90","1","90"
"-9.1456398465804","38.707887440897","469","Misericórdia","15843: Tv Carvalho (Ambos (->)(->): Tv Carvalho - Pc São Paulo)","Lixos","CV0090","90","1","90"
"-9.1456398465804","38.707887440897","470","Misericórdia","15843: Tv Carvalho (Ambos (->)(->): Tv Carvalho - Pc São Paulo)","Lixos","CV0140","140","4","560"
"-9.1456398465804","38.707887440897","471","Misericórdia","15843: Tv Carvalho (Ambos (->)(->): Tv Carvalho - Pc São Paulo)","Lixos","CV0240","240","2","480"
"-9.1456398465804","38.707887440897","472","Misericórdia","15843: Tv Carvalho (Ambos (->)(->): Tv Carvalho - Pc São Paulo)","Papel e Cartão","CV0090","90","1","90"
"-9.1456398465804","38.707887440897","473","Misericórdia","15843: Tv Carvalho (Ambos (->)(->): Tv Carvalho - Pc São Paulo)","Papel e Cartão","CV0140","140","2","280"
"-9.1459886363541","38.708163657021","474","Misericórdia","15844: Tv Carvalho (Ambos (->)(->): Tv Carvalho - R São Paulo)","Lixos","CV0140","140","1","140"
"-9.1459886363541","38.708163657021","475","Misericórdia","15844: Tv Carvalho (Ambos (->)(->): Tv Carvalho - R São Paulo)","Lixos","CV0140","140","1","140"
"-9.1519935263804","38.707624975181","476","Misericórdia","15845: R Dom Luís I (Ambos (43->55)(30->42): Av Dom Carlos I - Bqr do Duro)","Lixos","CV0120","120","1","120"
"-9.1519935263804","38.707624975181","477","Misericórdia","15845: R Dom Luís I (Ambos (43->55)(30->42): Av Dom Carlos I - Bqr do Duro)","Lixos","CV0240","240","20","4800"
"-9.150935625386","38.70760718105","478","Misericórdia","15846: R Dom Luís I (Ambos (23->27)(28->28): Bqr do Duro - R Instituto Industrial)","Lixos","CV0240","240","5","1200"
"-9.1499355812859","38.707615896557","479","Misericórdia","15847: R Dom Luís I (Ambos (19->21)(16->22): R Instituto Industrial - Bqr dos Ferreiros)","Lixos","CV0240","240","18","4320"
"-9.1499355812859","38.707615896557","480","Misericórdia","15847: R Dom Luís I (Ambos (19->21)(16->22): R Instituto Industrial - Bqr dos Ferreiros)","Lixos","CV0120","120","1","120"
"-9.1482905548966","38.707540136169","481","Misericórdia","15848: R Dom Luís I (Ambos (1->7)(2->12): Bqr dos Ferreiros - Pc Dom Luís I)","Lixos","CV0240","240","13","3120"
"-9.1482905548966","38.707540136169","482","Misericórdia","15848: R Dom Luís I (Ambos (1->7)(2->12): Bqr dos Ferreiros - Pc Dom Luís I)","Lixos","CV1100","1100","4","4400"
"-9.1482905548966","38.707540136169","483","Misericórdia","15848: R Dom Luís I (Ambos (1->7)(2->12): Bqr dos Ferreiros - Pc Dom Luís I)","Lixos","CV0120","120","1","120"
"-9.1482905548966","38.707540136169","484","Misericórdia","15848: R Dom Luís I (Ambos (1->7)(2->12): Bqr dos Ferreiros - Pc Dom Luís I)","Lixos","CV0090","90","1","90"
"-9.1471462018359","38.707099690356","485","Misericórdia","15849: Pc Dom Luís I (Ambos (1->27)(->): R Dom Luís I - Av 24 de Julho)","Lixos","CV0240","240","4","960"
"-9.1483539921253","38.710395065778","486","Misericórdia","15850: Tv Condessa do Rio, Fte 3","Lixos","CV0240","240","3","720"
"-9.1483539921253","38.710395065778","487","Misericórdia","15850: Tv Condessa do Rio, Fte 3","Lixos","CV0240","240","3","720"
"-9.1483539921253","38.710395065778","488","Misericórdia","15850: Tv Condessa do Rio, Fte 3","Embalagens","CV0240","240","1","240"
"-9.14671590073","38.707562828193","489","Misericórdia","15851: Pc Dom Luís I (Ambos (29->34)(->): R Ribeira Nova - R Dom Luís I)","Lixos","CV0240","240","1","240"
"-9.14671590073","38.707562828193","490","Misericórdia","15851: Pc Dom Luís I (Ambos (29->34)(->): R Ribeira Nova - R Dom Luís I)","Lixos","CV0140","140","2","280"
"-9.14671590073","38.707562828193","491","Misericórdia","15851: Pc Dom Luís I (Ambos (29->34)(->): R Ribeira Nova - R Dom Luís I)","Papel e Cartão","CV0140","140","2","280"
"-9.1449300149108","38.707281063426","494","Misericórdia","15852: R Ribeira Nova (Ambos (1->)(2->20): R Remolares - R Instituto Dona Amélia)","Lixos","CV0140","140","1","140"
"-9.1449300149108","38.707281063426","495","Misericórdia","15852: R Ribeira Nova (Ambos (1->)(2->20): R Remolares - R Instituto Dona Amélia)","Lixos","CV0120","120","1","120"
"-9.1449300149108","38.707281063426","496","Misericórdia","15852: R Ribeira Nova (Ambos (1->)(2->20): R Remolares - R Instituto Dona Amélia)","Lixos","CV0090","90","1","90"
"-9.1449300149108","38.707281063426","492","Misericórdia","15852: R Ribeira Nova (Ambos (1->)(2->20): R Remolares - R Instituto Dona Amélia)","Lixos","CV0240","240","1","240"
"-9.1449300149108","38.707281063426","493","Misericórdia","15852: R Ribeira Nova (Ambos (1->)(2->20): R Remolares - R Instituto Dona Amélia)","Papel e Cartão","CV0240","240","1","240"
"-9.1458536653809","38.707561303521","497","Misericórdia","15853: R Ribeira Nova (Ambos (->)(22->64): R Instituto Dona Amélia - Pc Dom Luís I)","Lixos","CV0120","120","1","120"
"-9.1458536653809","38.707561303521","498","Misericórdia","15853: R Ribeira Nova (Ambos (->)(22->64): R Instituto Dona Amélia - Pc Dom Luís I)","Lixos","CV0140","140","3","420"
"-9.1458536653809","38.707561303521","499","Misericórdia","15853: R Ribeira Nova (Ambos (->)(22->64): R Instituto Dona Amélia - Pc Dom Luís I)","Lixos","CV0090","90","1","90"
"-9.1458536653809","38.707561303521","500","Misericórdia","15853: R Ribeira Nova (Ambos (->)(22->64): R Instituto Dona Amélia - Pc Dom Luís I)","Lixos","CV0240","240","2","480"
"-9.1458536653809","38.707561303521","501","Misericórdia","15853: R Ribeira Nova (Ambos (->)(22->64): R Instituto Dona Amélia - Pc Dom Luís I)","Papel e Cartão","CV0340","340","2","680"
"-9.1458536653809","38.707561303521","502","Misericórdia","15853: R Ribeira Nova (Ambos (->)(22->64): R Instituto Dona Amélia - Pc Dom Luís I)","Papel e Cartão","CV0090","90","1","90"
"-9.1458536653809","38.707561303521","503","Misericórdia","15853: R Ribeira Nova (Ambos (->)(22->64): R Instituto Dona Amélia - Pc Dom Luís I)","Papel e Cartão","CV0240","240","3","720"
"-9.143507970138","38.707527584086","504","Misericórdia","15855: R São Paulo (Par (->)(2->58): R Corpo Santo - R Flores)","Lixos","CV0240","240","3","720"
"-9.143507970138","38.707527584086","505","Misericórdia","15855: R São Paulo (Par (->)(2->58): R Corpo Santo - R Flores)","Lixos","CV0120","120","1","120"
"-9.143507970138","38.707527584086","506","Misericórdia","15855: R São Paulo (Par (->)(2->58): R Corpo Santo - R Flores)","Lixos","CV0140","140","5","700"
"-9.143507970138","38.707527584086","507","Misericórdia","15855: R São Paulo (Par (->)(2->58): R Corpo Santo - R Flores)","Lixos","CV0240","240","3","720"
"-9.143507970138","38.707527584086","508","Misericórdia","15855: R São Paulo (Par (->)(2->58): R Corpo Santo - R Flores)","Lixos","CV0120","120","1","120"
"-9.143507970138","38.707527584086","509","Misericórdia","15855: R São Paulo (Par (->)(2->58): R Corpo Santo - R Flores)","Lixos","CV0140","140","5","700"
"-9.1441547274981","38.707738172918","510","Misericórdia","15856: R São Paulo (Par (->)(60->82): R Flores - Pc São Paulo)","Lixos","CV0240","240","4","960"
"-9.1441547274981","38.707738172918","511","Misericórdia","15856: R São Paulo (Par (->)(60->82): R Flores - Pc São Paulo)","Lixos","CV0140","140","2","280"
"-9.1441547274981","38.707738172918","512","Misericórdia","15856: R São Paulo (Par (->)(60->82): R Flores - Pc São Paulo)","Lixos","CV0120","120","1","120"
"-9.1441547274981","38.707738172918","513","Misericórdia","15856: R São Paulo (Par (->)(60->82): R Flores - Pc São Paulo)","Lixos","CV0240","240","4","960"
"-9.1441547274981","38.707738172918","514","Misericórdia","15856: R São Paulo (Par (->)(60->82): R Flores - Pc São Paulo)","Lixos","CV0140","140","2","280"
"-9.1441547274981","38.707738172918","515","Misericórdia","15856: R São Paulo (Par (->)(60->82): R Flores - Pc São Paulo)","Lixos","CV0120","120","1","120"
"-9.1441887035788","38.707701846559","516","Misericórdia","15857: R São Paulo (Impar (49->69)(->): Pc São Paulo - Tv dos Remolares)","Lixos","CV0240","240","1","240"
"-9.1441887035788","38.707701846559","517","Misericórdia","15857: R São Paulo (Impar (49->69)(->): Pc São Paulo - Tv dos Remolares)","Lixos","CV0140","140","1","140"
"-9.1441887035788","38.707701846559","518","Misericórdia","15857: R São Paulo (Impar (49->69)(->): Pc São Paulo - Tv dos Remolares)","Lixos","CV0240","240","1","240"
"-9.1441887035788","38.707701846559","519","Misericórdia","15857: R São Paulo (Impar (49->69)(->): Pc São Paulo - Tv dos Remolares)","Lixos","CV0140","140","1","140"
"-9.1441887035788","38.707701846559","520","Misericórdia","15857: R São Paulo (Impar (49->69)(->): Pc São Paulo - Tv dos Remolares)","Papel e Cartão","CV0140","140","1","140"
"-9.1435188298715","38.707482451669","521","Misericórdia","15858: R São Paulo (Impar (1->47)(->): Tv dos Remolares - Tv Corpo Santo)","Lixos","CV0090","90","1","90"
"-9.1435188298715","38.707482451669","522","Misericórdia","15858: R São Paulo (Impar (1->47)(->): Tv dos Remolares - Tv Corpo Santo)","Lixos","CV0140","140","3","420"
"-9.1435188298715","38.707482451669","523","Misericórdia","15858: R São Paulo (Impar (1->47)(->): Tv dos Remolares - Tv Corpo Santo)","Lixos","CV0240","240","1","240"
"-9.1435188298715","38.707482451669","524","Misericórdia","15858: R São Paulo (Impar (1->47)(->): Tv dos Remolares - Tv Corpo Santo)","Lixos","CV0090","90","1","90"
"-9.1435188298715","38.707482451669","525","Misericórdia","15858: R São Paulo (Impar (1->47)(->): Tv dos Remolares - Tv Corpo Santo)","Lixos","CV0140","140","3","420"
"-9.1435188298715","38.707482451669","526","Misericórdia","15858: R São Paulo (Impar (1->47)(->): Tv dos Remolares - Tv Corpo Santo)","Lixos","CV0240","240","1","240"
"-9.1447547446158","38.707895114691","527","Misericórdia","15859: R São Paulo (Ambos (->)(88->118): Pc São Paulo - Pc São Paulo)","Lixos","CV0090","90","3","270"
"-9.1447547446158","38.707895114691","528","Misericórdia","15859: R São Paulo (Ambos (->)(88->118): Pc São Paulo - Pc São Paulo)","Lixos","CV0140","140","5","700"
"-9.1447547446158","38.707895114691","529","Misericórdia","15859: R São Paulo (Ambos (->)(88->118): Pc São Paulo - Pc São Paulo)","Lixos","CV0240","240","2","480"
"-9.1447547446158","38.707895114691","530","Misericórdia","15859: R São Paulo (Ambos (->)(88->118): Pc São Paulo - Pc São Paulo)","Lixos","CV0090","90","3","270"
"-9.1447547446158","38.707895114691","531","Misericórdia","15859: R São Paulo (Ambos (->)(88->118): Pc São Paulo - Pc São Paulo)","Lixos","CV0140","140","5","700"
"-9.1447547446158","38.707895114691","532","Misericórdia","15859: R São Paulo (Ambos (->)(88->118): Pc São Paulo - Pc São Paulo)","Lixos","CV0240","240","2","480"
"-9.1447547446158","38.707895114691","533","Misericórdia","15859: R São Paulo (Ambos (->)(88->118): Pc São Paulo - Pc São Paulo)","Papel e Cartão","CV0140","140","1","140"
"-9.1455285884358","38.708149632963","534","Misericórdia","15860: R São Paulo (Ambos (71->77)(120->178): Pc São Paulo - Tv Carvalho)","Lixos","CV0090","90","3","270"
"-9.1455285884358","38.708149632963","535","Misericórdia","15860: R São Paulo (Ambos (71->77)(120->178): Pc São Paulo - Tv Carvalho)","Lixos","CV0240","240","3","720"
"-9.1455285884358","38.708149632963","536","Misericórdia","15860: R São Paulo (Ambos (71->77)(120->178): Pc São Paulo - Tv Carvalho)","Lixos","CV0140","140","11","1540"
"-9.1455285884358","38.708149632963","537","Misericórdia","15860: R São Paulo (Ambos (71->77)(120->178): Pc São Paulo - Tv Carvalho)","Lixos","CV0120","120","2","240"
"-9.1455285884358","38.708149632963","538","Misericórdia","15860: R São Paulo (Ambos (71->77)(120->178): Pc São Paulo - Tv Carvalho)","Lixos","CV0090","90","3","270"
"-9.1455285884358","38.708149632963","539","Misericórdia","15860: R São Paulo (Ambos (71->77)(120->178): Pc São Paulo - Tv Carvalho)","Lixos","CV0240","240","3","720"
"-9.1455285884358","38.708149632963","540","Misericórdia","15860: R São Paulo (Ambos (71->77)(120->178): Pc São Paulo - Tv Carvalho)","Lixos","CV0140","140","11","1540"
"-9.1455285884358","38.708149632963","541","Misericórdia","15860: R São Paulo (Ambos (71->77)(120->178): Pc São Paulo - Tv Carvalho)","Lixos","CV0120","120","2","240"
"-9.1455285884358","38.708149632963","542","Misericórdia","15860: R São Paulo (Ambos (71->77)(120->178): Pc São Paulo - Tv Carvalho)","Papel e Cartão","CV0240","240","2","480"
"-9.1460601512338","38.7083431936","543","Misericórdia","15861: R São Paulo (Ambos (79->87)(180->198): Tv Carvalho - Bc da Moeda)","Lixos","CV0140","140","5","700"
"-9.1460601512338","38.7083431936","544","Misericórdia","15861: R São Paulo (Ambos (79->87)(180->198): Tv Carvalho - Bc da Moeda)","Lixos","CV0090","90","2","180"
"-9.1460601512338","38.7083431936","545","Misericórdia","15861: R São Paulo (Ambos (79->87)(180->198): Tv Carvalho - Bc da Moeda)","Lixos","CV0120","120","1","120"
"-9.1460601512338","38.7083431936","546","Misericórdia","15861: R São Paulo (Ambos (79->87)(180->198): Tv Carvalho - Bc da Moeda)","Lixos","CV0140","140","5","700"
"-9.1460601512338","38.7083431936","547","Misericórdia","15861: R São Paulo (Ambos (79->87)(180->198): Tv Carvalho - Bc da Moeda)","Lixos","CV0090","90","2","180"
"-9.1460601512338","38.7083431936","548","Misericórdia","15861: R São Paulo (Ambos (79->87)(180->198): Tv Carvalho - Bc da Moeda)","Lixos","CV0120","120","1","120"
"-9.1463487970026","38.708430766921","549","Misericórdia","15862: R São Paulo (Ambos (89->)(200->216): Bc da Moeda - Cc da Bica Grande)","Lixos","CV0090","90","1","90"
"-9.1463487970026","38.708430766921","550","Misericórdia","15862: R São Paulo (Ambos (89->)(200->216): Bc da Moeda - Cc da Bica Grande)","Lixos","CV0140","140","2","280"
"-9.1463487970026","38.708430766921","551","Misericórdia","15862: R São Paulo (Ambos (89->)(200->216): Bc da Moeda - Cc da Bica Grande)","Lixos","CV0090","90","1","90"
"-9.1463487970026","38.708430766921","552","Misericórdia","15862: R São Paulo (Ambos (89->)(200->216): Bc da Moeda - Cc da Bica Grande)","Lixos","CV0140","140","2","280"
"-9.1466484300656","38.708482212552","553","Misericórdia","15863: R São Paulo (Ambos (->)(218->226): Cc da Bica Grande - R Moeda)","Lixos","CV0240","240","1","240"
"-9.1466484300656","38.708482212552","554","Misericórdia","15863: R São Paulo (Ambos (->)(218->226): Cc da Bica Grande - R Moeda)","Lixos","CV0140","140","1","140"
"-9.1466484300656","38.708482212552","555","Misericórdia","15863: R São Paulo (Ambos (->)(218->226): Cc da Bica Grande - R Moeda)","Lixos","CV0240","240","1","240"
"-9.1466484300656","38.708482212552","556","Misericórdia","15863: R São Paulo (Ambos (->)(218->226): Cc da Bica Grande - R Moeda)","Lixos","CV0140","140","1","140"
"-9.1469586641473","38.708470510234","563","Misericórdia","15864: R São Paulo (Ambos (91->129)(228->260): R Moeda - R da Boavista)","Lixos","CV0240","240","4","960"
"-9.1469586641473","38.708470510234","564","Misericórdia","15864: R São Paulo (Ambos (91->129)(228->260): R Moeda - R da Boavista)","Lixos","CV0140","140","4","560"
"-9.1469586641473","38.708470510234","557","Misericórdia","15864: R São Paulo (Ambos (91->129)(228->260): R Moeda - R da Boavista)","Lixos","CV0090","90","1","90"
"-9.1469586641473","38.708470510234","558","Misericórdia","15864: R São Paulo (Ambos (91->129)(228->260): R Moeda - R da Boavista)","Lixos","CV0120","120","1","120"
"-9.1469586641473","38.708470510234","559","Misericórdia","15864: R São Paulo (Ambos (91->129)(228->260): R Moeda - R da Boavista)","Lixos","CV0240","240","4","960"
"-9.1469586641473","38.708470510234","560","Misericórdia","15864: R São Paulo (Ambos (91->129)(228->260): R Moeda - R da Boavista)","Lixos","CV0140","140","4","560"
"-9.1469586641473","38.708470510234","561","Misericórdia","15864: R São Paulo (Ambos (91->129)(228->260): R Moeda - R da Boavista)","Lixos","CV0090","90","1","90"
"-9.1469586641473","38.708470510234","562","Misericórdia","15864: R São Paulo (Ambos (91->129)(228->260): R Moeda - R da Boavista)","Lixos","CV0120","120","1","120"
"-9.1442882171494","38.707421742308","565","Misericórdia","15865: R Nova do Carvalho (Ambos (63->81)(58->78): Pc São Paulo - Tv dos Remolares)","Lixos","CV0120","120","1","120"
"-9.1442882171494","38.707421742308","566","Misericórdia","15865: R Nova do Carvalho (Ambos (63->81)(58->78): Pc São Paulo - Tv dos Remolares)","Lixos","CV0140","140","2","280"
"-9.1442882171494","38.707421742308","567","Misericórdia","15865: R Nova do Carvalho (Ambos (63->81)(58->78): Pc São Paulo - Tv dos Remolares)","Lixos","CV0240","240","4","960"
"-9.1442882171494","38.707421742308","568","Misericórdia","15865: R Nova do Carvalho (Ambos (63->81)(58->78): Pc São Paulo - Tv dos Remolares)","Lixos","CV0120","120","1","120"
"-9.1442882171494","38.707421742308","569","Misericórdia","15865: R Nova do Carvalho (Ambos (63->81)(58->78): Pc São Paulo - Tv dos Remolares)","Lixos","CV0140","140","2","280"
"-9.1442882171494","38.707421742308","570","Misericórdia","15865: R Nova do Carvalho (Ambos (63->81)(58->78): Pc São Paulo - Tv dos Remolares)","Lixos","CV0240","240","4","960"
"-9.1442882171494","38.707421742308","571","Misericórdia","15865: R Nova do Carvalho (Ambos (63->81)(58->78): Pc São Paulo - Tv dos Remolares)","Papel e Cartão","CV0140","140","1","140"
"-9.1442882171494","38.707421742308","572","Misericórdia","15865: R Nova do Carvalho (Ambos (63->81)(58->78): Pc São Paulo - Tv dos Remolares)","Papel e Cartão","CV0240","240","1","240"
"-9.1438145184321","38.707254695962","573","Misericórdia","15866: R Nova do Carvalho (Ambos (33->55)(26->56): Tv dos Remolares - R do Alecrim)","Lixos","CV0140","140","1","140"
"-9.1438145184321","38.707254695962","574","Misericórdia","15866: R Nova do Carvalho (Ambos (33->55)(26->56): Tv dos Remolares - R do Alecrim)","Lixos","CV0240","240","11","2640"
"-9.1438145184321","38.707254695962","575","Misericórdia","15866: R Nova do Carvalho (Ambos (33->55)(26->56): Tv dos Remolares - R do Alecrim)","Lixos","CV0140","140","1","140"
"-9.1438145184321","38.707254695962","576","Misericórdia","15866: R Nova do Carvalho (Ambos (33->55)(26->56): Tv dos Remolares - R do Alecrim)","Lixos","CV0240","240","11","2640"
"-9.1438145184321","38.707254695962","577","Misericórdia","15866: R Nova do Carvalho (Ambos (33->55)(26->56): Tv dos Remolares - R do Alecrim)","Papel e Cartão","CV0240","240","2","480"
"-9.1431926605749","38.707179007395","578","Misericórdia","15867: R Nova do Carvalho (Ambos (1->29)(2->24): R do Alecrim - Tv Corpo Santo)","Lixos","CV0090","90","2","180"
"-9.1431926605749","38.707179007395","579","Misericórdia","15867: R Nova do Carvalho (Ambos (1->29)(2->24): R do Alecrim - Tv Corpo Santo)","Lixos","CV0240","240","3","720"
"-9.1431926605749","38.707179007395","580","Misericórdia","15867: R Nova do Carvalho (Ambos (1->29)(2->24): R do Alecrim - Tv Corpo Santo)","Lixos","CV0140","140","3","420"
"-9.1431926605749","38.707179007395","581","Misericórdia","15867: R Nova do Carvalho (Ambos (1->29)(2->24): R do Alecrim - Tv Corpo Santo)","Lixos","CV0090","90","2","180"
"-9.1431926605749","38.707179007395","582","Misericórdia","15867: R Nova do Carvalho (Ambos (1->29)(2->24): R do Alecrim - Tv Corpo Santo)","Lixos","CV0240","240","3","720"
"-9.1431926605749","38.707179007395","583","Misericórdia","15867: R Nova do Carvalho (Ambos (1->29)(2->24): R do Alecrim - Tv Corpo Santo)","Lixos","CV0140","140","3","420"
"-9.1440278359727","38.706892534568","584","Misericórdia","15868: R Remolares (Ambos (1->23)(2->26): Pc Duque da Terceira - Tv dos Remolares)","Lixos","CV0090","90","1","90"
"-9.1440278359727","38.706892534568","585","Misericórdia","15868: R Remolares (Ambos (1->23)(2->26): Pc Duque da Terceira - Tv dos Remolares)","Lixos","CV0240","240","5","1200"
"-9.1440278359727","38.706892534568","586","Misericórdia","15868: R Remolares (Ambos (1->23)(2->26): Pc Duque da Terceira - Tv dos Remolares)","Lixos","CV0140","140","5","700"
"-9.1440278359727","38.706892534568","587","Misericórdia","15868: R Remolares (Ambos (1->23)(2->26): Pc Duque da Terceira - Tv dos Remolares)","Lixos","CV0090","90","1","90"
"-9.1440278359727","38.706892534568","588","Misericórdia","15868: R Remolares (Ambos (1->23)(2->26): Pc Duque da Terceira - Tv dos Remolares)","Lixos","CV0240","240","5","1200"
"-9.1440278359727","38.706892534568","589","Misericórdia","15868: R Remolares (Ambos (1->23)(2->26): Pc Duque da Terceira - Tv dos Remolares)","Lixos","CV0140","140","5","700"
"-9.1440278359727","38.706892534568","590","Misericórdia","15868: R Remolares (Ambos (1->23)(2->26): Pc Duque da Terceira - Tv dos Remolares)","Papel e Cartão","CV0140","140","2","280"
"-9.1444789249926","38.707086800312","591","Misericórdia","15869: R Remolares (Ambos (25->41)(28->48): Tv dos Remolares - Tv Ribeira Nova)","Lixos","CV0140","140","4","560"
"-9.1444789249926","38.707086800312","592","Misericórdia","15869: R Remolares (Ambos (25->41)(28->48): Tv dos Remolares - Tv Ribeira Nova)","Lixos","CV0120","120","2","240"
"-9.1444789249926","38.707086800312","593","Misericórdia","15869: R Remolares (Ambos (25->41)(28->48): Tv dos Remolares - Tv Ribeira Nova)","Lixos","CV0140","140","4","560"
"-9.1444789249926","38.707086800312","594","Misericórdia","15869: R Remolares (Ambos (25->41)(28->48): Tv dos Remolares - Tv Ribeira Nova)","Lixos","CV0120","120","2","240"
"-9.1444164947753","38.706736035033","602","Misericórdia","15871: Tv dos Remolares (Ambos (->)(->): Av 24 de Julho - R Remolares)","Lixos","CV0240","240","1","240"
"-9.1444164947753","38.706736035033","603","Misericórdia","15871: Tv dos Remolares (Ambos (->)(->): Av 24 de Julho - R Remolares)","Lixos","CV0240","240","1","240"
"-9.1441698380596","38.70717955628","611","Misericórdia","15873: Tv dos Remolares (Ambos (->)(->): R Nova do Carvalho - R Nova do Carvalho)","Lixos","CV0140","140","2","280"
"-9.1441698380596","38.70717955628","612","Misericórdia","15873: Tv dos Remolares (Ambos (->)(->): R Nova do Carvalho - R Nova do Carvalho)","Lixos","CV0240","240","1","240"
"-9.1441698380596","38.70717955628","613","Misericórdia","15873: Tv dos Remolares (Ambos (->)(->): R Nova do Carvalho - R Nova do Carvalho)","Lixos","CV0120","120","1","120"
"-9.1441698380596","38.70717955628","614","Misericórdia","15873: Tv dos Remolares (Ambos (->)(->): R Nova do Carvalho - R Nova do Carvalho)","Lixos","CV0140","140","2","280"
"-9.1441698380596","38.70717955628","615","Misericórdia","15873: Tv dos Remolares (Ambos (->)(->): R Nova do Carvalho - R Nova do Carvalho)","Lixos","CV0240","240","1","240"
"-9.1441698380596","38.70717955628","616","Misericórdia","15873: Tv dos Remolares (Ambos (->)(->): R Nova do Carvalho - R Nova do Carvalho)","Lixos","CV0120","120","1","120"
"-9.1440133596219","38.707496185644","617","Misericórdia","15875: Tv dos Remolares (Ambos (->)(->): R São Paulo - R Nova do Carvalho)","Lixos","CV0090","90","1","90"
"-9.1440133596219","38.707496185644","618","Misericórdia","15875: Tv dos Remolares (Ambos (->)(->): R São Paulo - R Nova do Carvalho)","Lixos","CV0240","240","1","240"
"-9.1440133596219","38.707496185644","619","Misericórdia","15875: Tv dos Remolares (Ambos (->)(->): R São Paulo - R Nova do Carvalho)","Lixos","CV0140","140","1","140"
"-9.1440133596219","38.707496185644","620","Misericórdia","15875: Tv dos Remolares (Ambos (->)(->): R São Paulo - R Nova do Carvalho)","Lixos","CV0090","90","1","90"
"-9.1440133596219","38.707496185644","621","Misericórdia","15875: Tv dos Remolares (Ambos (->)(->): R São Paulo - R Nova do Carvalho)","Lixos","CV0240","240","1","240"
"-9.1440133596219","38.707496185644","622","Misericórdia","15875: Tv dos Remolares (Ambos (->)(->): R São Paulo - R Nova do Carvalho)","Lixos","CV0140","140","1","140"
"-9.1440473285161","38.70582944138","623","Misericórdia","15876: Cais do Sodré (Ambos (->)(8->): Av 24 de Julho - R Cintura (Santos))","Lixos","CV0240","240","7","1680"
"-9.1432423329186","38.705809386728","624","Misericórdia","15877: Cais do Sodré (Ambos (->)(->): R Cintura (Santos) - Pc Duque da Terceira)","Lixos","CV0240","240","1","240"
"-9.1428141707013","38.706425624463","625","Misericórdia","15878: Cais do Sodré (Ambos (->)(10->46): Pc Duque da Terceira - Tv Corpo Santo)","Lixos","CV0240","240","1","240"
"-9.1428141707013","38.706425624463","626","Misericórdia","15878: Cais do Sodré (Ambos (->)(10->46): Pc Duque da Terceira - Tv Corpo Santo)","Lixos","CV0140","140","1","140"
"-9.1428141707013","38.706425624463","627","Misericórdia","15878: Cais do Sodré (Ambos (->)(10->46): Pc Duque da Terceira - Tv Corpo Santo)","Lixos","CV0240","240","1","240"
"-9.1428141707013","38.706425624463","628","Misericórdia","15878: Cais do Sodré (Ambos (->)(10->46): Pc Duque da Terceira - Tv Corpo Santo)","Lixos","CV0140","140","1","140"
"-9.1422298489484","38.706565794694","629","Misericórdia","15879: Cais do Sodré (Ambos (->)(2->16): Tv Corpo Santo - Lg Corpo Santo)","Lixos","CV0140","140","2","280"
"-9.1422298489484","38.706565794694","630","Misericórdia","15879: Cais do Sodré (Ambos (->)(2->16): Tv Corpo Santo - Lg Corpo Santo)","Lixos","CV0140","140","2","280"
"-9.1422298489484","38.706565794694","631","Misericórdia","15879: Cais do Sodré (Ambos (->)(2->16): Tv Corpo Santo - Lg Corpo Santo)","Papel e Cartão","CV0140","140","1","140"
"-9.1462200621342","38.708269743049","632","Misericórdia","15880: Bc da Moeda (Ambos (->)(4->6): R São Paulo - R São Paulo)","Lixos","CV0090","90","1","90"
"-9.1462200621342","38.708269743049","633","Misericórdia","15880: Bc da Moeda (Ambos (->)(4->6): R São Paulo - R São Paulo)","Lixos","CV0090","90","1","90"
"-9.1495644315465","38.709006334801","634","Misericórdia","15881: Pto Galega (Rua da Boavista, 118) (Ambos (->)(18->): R da Boavista - R da Boavista)","Lixos","CV0240","240","1","240"
"-9.1505994928747","38.709033347926","635","Misericórdia","15882: Bc da Boavista (Ambos (->)(4->10): R da Boavista - R da Boavista)","Lixos","CV0140","140","1","140"
"-9.1505994928747","38.709033347926","636","Misericórdia","15882: Bc da Boavista (Ambos (->)(4->10): R da Boavista - R da Boavista)","Lixos","CV0090","90","1","90"
"-9.1446205470921","38.707346799781","637","Misericórdia","15883: Tv Ribeira Nova (Ambos (->)(->): R Remolares - R Nova do Carvalho)","Lixos","CV0090","90","1","90"
"-9.1446205470921","38.707346799781","638","Misericórdia","15883: Tv Ribeira Nova (Ambos (->)(->): R Remolares - R Nova do Carvalho)","Lixos","CV0090","90","1","90"
"-9.1447640035514","38.706922188475","639","Misericórdia","15884: Pc Ribeira Nova (Ambos (->)(2->18): Av 24 de Julho - R Ribeira Nova)","Lixos","CV0240","240","1","240"
"-9.1447640035514","38.706922188475","640","Misericórdia","15884: Pc Ribeira Nova (Ambos (->)(2->18): Av 24 de Julho - R Ribeira Nova)","Lixos","CV0240","240","1","240"
"-9.1447640035514","38.706922188475","641","Misericórdia","15884: Pc Ribeira Nova (Ambos (->)(2->18): Av 24 de Julho - R Ribeira Nova)","Papel e Cartão","CA1100","1100","1","1100"
"-9.1450882217071","38.707901232276","642","Misericórdia","15885: Pc São Paulo (Ambos (->)(->): R São Paulo - Tv Carvalho)","Lixos","CV0240","240","1","240"
"-9.1450882217071","38.707901232276","643","Misericórdia","15885: Pc São Paulo (Ambos (->)(->): R São Paulo - Tv Carvalho)","Lixos","CV0240","240","1","240"
"-9.1448888684776","38.70762371759","644","Misericórdia","15886: Pc São Paulo (Ambos (1->9)(4->8): Tv Carvalho - Tv Ribeira Nova)","Lixos","CV0140","140","4","560"
"-9.1448888684776","38.70762371759","645","Misericórdia","15886: Pc São Paulo (Ambos (1->9)(4->8): Tv Carvalho - Tv Ribeira Nova)","Lixos","CV0240","240","1","240"
"-9.1448888684776","38.70762371759","646","Misericórdia","15886: Pc São Paulo (Ambos (1->9)(4->8): Tv Carvalho - Tv Ribeira Nova)","Papel e Cartão","CV0140","140","1","140"
"-9.1444751835094","38.707636309613","647","Misericórdia","15887: Pc São Paulo (Ambos (17->19)(16->18): Tv Ribeira Nova - R São Paulo)","Lixos","CV0240","240","1","240"
"-9.1444751835094","38.707636309613","648","Misericórdia","15887: Pc São Paulo (Ambos (17->19)(16->18): Tv Ribeira Nova - R São Paulo)","Lixos","CV0240","240","1","240"
"-9.1432988477297","38.706556548395","649","Misericórdia","15888: Pc Duque da Terceira (Ambos (->)(24->): Cais do Sodré - R Bernardino da Costa)","Lixos","CV0240","240","2","480"
"-9.1432988477297","38.706556548395","650","Misericórdia","15888: Pc Duque da Terceira (Ambos (->)(24->): Cais do Sodré - R Bernardino da Costa)","Papel e Cartão","CV0240","240","1","240"
"-9.1434047123893","38.706726781045","651","Misericórdia","15889: Pc Duque da Terceira (Ambos (15->19)(14->18): R Bernardino da Costa - R do Alecrim)","Lixos","CV0140","140","2","280"
"-9.1434047123893","38.706726781045","652","Misericórdia","15889: Pc Duque da Terceira (Ambos (15->19)(14->18): R Bernardino da Costa - R do Alecrim)","Lixos","CV0090","90","1","90"
"-9.1434047123893","38.706726781045","653","Misericórdia","15889: Pc Duque da Terceira (Ambos (15->19)(14->18): R Bernardino da Costa - R do Alecrim)","Lixos","CV0120","120","1","120"
"-9.1434047123893","38.706726781045","654","Misericórdia","15889: Pc Duque da Terceira (Ambos (15->19)(14->18): R Bernardino da Costa - R do Alecrim)","Lixos","CV0140","140","2","280"
"-9.1434047123893","38.706726781045","655","Misericórdia","15889: Pc Duque da Terceira (Ambos (15->19)(14->18): R Bernardino da Costa - R do Alecrim)","Lixos","CV0090","90","1","90"
"-9.1434047123893","38.706726781045","656","Misericórdia","15889: Pc Duque da Terceira (Ambos (15->19)(14->18): R Bernardino da Costa - R do Alecrim)","Lixos","CV0120","120","1","120"
"-9.1434047123893","38.706726781045","657","Misericórdia","15889: Pc Duque da Terceira (Ambos (15->19)(14->18): R Bernardino da Costa - R do Alecrim)","Papel e Cartão","CV0140","140","2","280"
"-9.1436117426213","38.706733996505","658","Misericórdia","15890: Pc Duque da Terceira (Ambos (9->13)(->): R do Alecrim - R Remolares)","Lixos","CV0090","90","1","90"
"-9.1436117426213","38.706733996505","659","Misericórdia","15890: Pc Duque da Terceira (Ambos (9->13)(->): R do Alecrim - R Remolares)","Lixos","CV0140","140","4","560"
"-9.1436117426213","38.706733996505","660","Misericórdia","15890: Pc Duque da Terceira (Ambos (9->13)(->): R do Alecrim - R Remolares)","Lixos","CV0090","90","1","90"
"-9.1436117426213","38.706733996505","661","Misericórdia","15890: Pc Duque da Terceira (Ambos (9->13)(->): R do Alecrim - R Remolares)","Lixos","CV0140","140","4","560"
"-9.1437590142256","38.706579588431","662","Misericórdia","15891: Pc Duque da Terceira (Ambos (1->)(2->4): R Remolares - Av 24 de Julho)","Lixos","CV0140","140","2","280"
"-9.1437590142256","38.706579588431","663","Misericórdia","15891: Pc Duque da Terceira (Ambos (1->)(2->4): R Remolares - Av 24 de Julho)","Lixos","CV0140","140","2","280"
"-9.1437590142256","38.706579588431","664","Misericórdia","15891: Pc Duque da Terceira (Ambos (1->)(2->4): R Remolares - Av 24 de Julho)","Papel e Cartão","CV0240","240","1","240"
"-9.1420050275822","38.706928051678","333","Misericórdia","15892: Lg Corpo Santo (Ambos (->)(2->6): Cais do Sodré - R Arsenal)","Lixos","CV0140","140","1","140"
"-9.1420101003686","38.707288320891","334","Misericórdia","15893: Lg Corpo Santo (Ambos (13->)(10->28): R Arsenal - Cc do Ferragial)","Lixos","CV0090","90","1","90"
"-9.1420101003686","38.707288320891","335","Misericórdia","15893: Lg Corpo Santo (Ambos (13->)(10->28): R Arsenal - Cc do Ferragial)","Lixos","CV0140","140","4","560"
"-9.1420101003686","38.707288320891","336","Misericórdia","15893: Lg Corpo Santo (Ambos (13->)(10->28): R Arsenal - Cc do Ferragial)","Lixos","CV0240","240","2","480"
"-9.1420101003686","38.707288320891","337","Misericórdia","15893: Lg Corpo Santo (Ambos (13->)(10->28): R Arsenal - Cc do Ferragial)","Lixos","CV0090","90","1","90"
"-9.1420101003686","38.707288320891","338","Misericórdia","15893: Lg Corpo Santo (Ambos (13->)(10->28): R Arsenal - Cc do Ferragial)","Lixos","CV0140","140","4","560"
"-9.1420101003686","38.707288320891","339","Misericórdia","15893: Lg Corpo Santo (Ambos (13->)(10->28): R Arsenal - Cc do Ferragial)","Lixos","CV0240","240","2","480"
"-9.1420813502454","38.707449845384","342","Misericórdia","15894: Lg Corpo Santo (Ambos (15->23)(14->22): Cc do Ferragial - R Corpo Santo)","Lixos","CV0240","240","1","240"
"-9.1420813502454","38.707449845384","343","Misericórdia","15894: Lg Corpo Santo (Ambos (15->23)(14->22): Cc do Ferragial - R Corpo Santo)","Lixos","CV0140","140","2","280"
"-9.1420813502454","38.707449845384","344","Misericórdia","15894: Lg Corpo Santo (Ambos (15->23)(14->22): Cc do Ferragial - R Corpo Santo)","Lixos","CV0240","240","1","240"
"-9.1420813502454","38.707449845384","340","Misericórdia","15894: Lg Corpo Santo (Ambos (15->23)(14->22): Cc do Ferragial - R Corpo Santo)","Lixos","CV0140","140","2","280"
"-9.1420813502454","38.707449845384","341","Misericórdia","15894: Lg Corpo Santo (Ambos (15->23)(14->22): Cc do Ferragial - R Corpo Santo)","Papel e Cartão","CV0240","240","1","240"
"-9.1498636855204","38.709030752182","345","Misericórdia","15896: Bc Francisco André (Ambos (3->)(->): R da Boavista - R da Boavista)","Lixos","CV0140","140","1","140"
"-9.1453481501329","38.707583703923","346","Misericórdia","15897: Tv de São Paulo (Ambos (->)(->): Pc São Paulo - R Ribeira Nova)","Lixos","CV0140","140","2","280"
"-9.1453481501329","38.707583703923","347","Misericórdia","15897: Tv de São Paulo (Ambos (->)(->): Pc São Paulo - R Ribeira Nova)","Lixos","CV0240","240","1","240"
"-9.1453481501329","38.707583703923","348","Misericórdia","15897: Tv de São Paulo (Ambos (->)(->): Pc São Paulo - R Ribeira Nova)","Lixos","CV0140","140","2","280"
"-9.1453481501329","38.707583703923","349","Misericórdia","15897: Tv de São Paulo (Ambos (->)(->): Pc São Paulo - R Ribeira Nova)","Lixos","CV0240","240","1","240"
"-9.1453481501329","38.707583703923","350","Misericórdia","15897: Tv de São Paulo (Ambos (->)(->): Pc São Paulo - R Ribeira Nova)","Papel e Cartão","CV0140","140","1","140"
"-9.1443768000195","38.706367057894","351","Misericórdia","15898: Av 24 de Julho (Impar (1->)(->): Pc Duque da Terceira - Tv dos Remolares)","Lixos","CV0090","90","1","90"
"-9.1443768000195","38.706367057894","352","Misericórdia","15898: Av 24 de Julho (Impar (1->)(->): Pc Duque da Terceira - Tv dos Remolares)","Lixos","CV0240","240","1","240"
"-9.1443768000195","38.706367057894","353","Misericórdia","15898: Av 24 de Julho (Impar (1->)(->): Pc Duque da Terceira - Tv dos Remolares)","Lixos","CV0140","140","1","140"
"-9.1447341489412","38.70643602464","354","Misericórdia","15899: Av 24 de Julho (Par (->)(2->): Tv dos Remolares - Pc Ribeira Nova)","Lixos","CV0140","140","1","140"
"-9.1475169096042","38.714608996972","43","Misericórdia","19365: R O Século, 150","Papel e Cartão","CV0240","240","2","480"
"-9.1475169096042","38.714608996972","42","Misericórdia","19365: R O Século, 150","Vidro","CV0240","240","1","240"
"-9.1475169096042","38.714608996972","41","Misericórdia","19365: R O Século, 150","Embalagens","CV0240","240","2","480"
"-9.1475169096042","38.714608996972","40","Misericórdia","19365: R O Século, 150","Lixos","CV0240","240","4","960"
"-9.1475169096042","38.714608996972","39","Misericórdia","19365: R O Século, 150","Lixos","CV0240","240","4","960"
"-9.1518634054115","38.715453908314","133","Misericórdia","19216: R Marcos Portugal, Muro do Lg Agostinho da Silva","Papel e Cartão","CV0240","240","1","240"
"-9.1518634054115","38.715453908314","134","Misericórdia","19216: R Marcos Portugal, Muro do Lg Agostinho da Silva","Papel e Cartão","CV0240","240","1","240"
"-9.1518634054115","38.715453908314","135","Misericórdia","19216: R Marcos Portugal, Muro do Lg Agostinho da Silva","Embalagens","CV0240","240","1","240"
"-9.1518634054115","38.715453908314","136","Misericórdia","19216: R Marcos Portugal, Muro do Lg Agostinho da Silva","Lixos","CV0240","240","1","240"
"-9.1518634054115","38.715453908314","137","Misericórdia","19216: R Marcos Portugal, Muro do Lg Agostinho da Silva","Lixos","CV0240","240","1","240"
"-9.1518634054115","38.715453908314","138","Misericórdia","19216: R Marcos Portugal, Muro do Lg Agostinho da Silva","Vidro","CV0240","240","1","240"
"-9.1518634054115","38.715453908314","139","Misericórdia","19216: R Marcos Portugal, Muro do Lg Agostinho da Silva","Embalagens","CV0240","240","1","240"
"-9.1475495615682","38.711230779832","210","Misericórdia","19280: Tv André Valente, jt silo","Papel e Cartão","CV0240","240","3","720"
"-9.1475495615682","38.711230779832","209","Misericórdia","19280: Tv André Valente, jt silo","Lixos","CV0240","240","9","2160"
"-9.1475495615682","38.711230779832","208","Misericórdia","19280: Tv André Valente, jt silo","Embalagens","CV0240","240","2","480"
"-9.1475495615682","38.711230779832","211","Misericórdia","19280: Tv André Valente, jt silo","Lixos","CV0240","240","9","2160"
"-9.1475495615682","38.711230779832","207","Misericórdia","19280: Tv André Valente, jt silo","Vidro","CV0240","240","1","240"
"-9.1442240073695","38.706944883499","233","Misericórdia","19301: R Remolares, Crzt Tv Remolares","Vidro","VSP","1500","1","1500"
"-9.1442240073695","38.706944883499","234","Misericórdia","19301: R Remolares, Crzt Tv Remolares","Vidro","VSP","1500","1","1500"
"-9.1444073184847","38.710159090629","265","Misericórdia","19315: R Emenda, 100","Vidro","CV0140","140","1","140"
"-9.1449005438813","38.710893458378","231","Misericórdia","19300: R Salgadeiras, SFC CZT  R. da Atalaia","Lixos","CV0240","240","2","480"
"-9.1449005438813","38.710893458378","232","Misericórdia","19300: R Salgadeiras, SFC CZT  R. da Atalaia","Lixos","CV0240","240","2","480"
"-9.1438806335387","38.709497073275","66","Misericórdia","19407: Tv Guilherme Cossoul, 10","Papel e Cartão","CV0240","240","1","240"
"-9.1438806335387","38.709497073275","67","Misericórdia","19407: Tv Guilherme Cossoul, 10","Embalagens","CV0240","240","1","240"
"-9.1513885505624","38.70873821693","214","Misericórdia","19282: Lg Conde-Barão, 19","Papel e Cartão","CV0140","140","1","140"
"-9.1513885505624","38.70873821693","213","Misericórdia","19282: Lg Conde-Barão, 19","Embalagens","CV0140","140","1","140"
"-9.1531085611251","38.713272150325","180","Misericórdia","19257: R São Bento, 212","Vidro","CV0140","140","2","280"
"-9.1531085611251","38.713272150325","181","Misericórdia","19257: R São Bento, 212","Vidro","CV0140","140","2","280"
"-9.1531085611251","38.713272150325","182","Misericórdia","19257: R São Bento, 212","Vidro","CV0140","140","2","280"
"-9.1531183096426","38.716379761542","225","Misericórdia","19293: R Imprensa Nacional, 46","Vidro","CV0140","140","1","140"
"-9.1422607474009","38.707943726586","245","Misericórdia","19310: R Vitor Cordon, 43","Vidro","CV0240","240","1","240"
"-9.1448134908421","38.707984683591","267","Misericórdia","19319: R São Paulo, 108","Embalagens","CV0140","140","1","140"
"-9.1536084394447","38.7144658215","163","Misericórdia","19236: R São Bento, 318","Vidro","CV0140","140","1","140"
"-9.1536084394447","38.7144658215","164","Misericórdia","19236: R São Bento, 318","Organicos","CV0140","140","1","140"
"-9.1446034889832","38.714282975773","227","Misericórdia","19295: R Teixeira, 1","Vidro","CV0140","140","1","140"
"-9.1446475199068","38.710886642888","48","Misericórdia","19371: R Salgadeiras, SFC Jt 11","Lixos","CV0240","240","3","720"
"-9.1446475199068","38.710886642888","47","Misericórdia","19371: R Salgadeiras, SFC Jt 11","Lixos","CV0240","240","3","720"
"-9.1524251794508","38.709683998315","121","Misericórdia","19390: R Poço dos Negros, crzt R São Bento","Lixos","CV0240","240","3","720"
"-9.1524251794508","38.709683998315","122","Misericórdia","19390: R Poço dos Negros, crzt R São Bento","Lixos","CV0240","240","3","720"
"-9.1530556126256","38.711975486877","205","Misericórdia","19278: R Correia Garção, 3","Vidro","CV0240","240","1","240"
"-9.1530556126256","38.711975486877","206","Misericórdia","19278: R Correia Garção, 3","Organicos","CV0240","240","1","240"
"-9.1430116653166","38.707387753623","85","Misericórdia","19415: R São Paulo, 14 a 16","Embalagens","CV0140","140","1","140"
"-9.1438568811843","38.709443231724","290","Misericórdia","19337: Tv Guilherme Cossoul, 11","Vidro","CV0140","140","1","140"
"-9.1438568811843","38.709443231724","291","Misericórdia","19337: Tv Guilherme Cossoul, 11","Papel e Cartão","CV0140","140","1","140"
"-9.1438568811843","38.709443231724","292","Misericórdia","19337: Tv Guilherme Cossoul, 11","Embalagens","CV0140","140","1","140"
"-9.1526438796966","38.710510808556","692","Misericórdia","21843: R São Bento, 15","Organicos","CV0090","90","1","90"
"-9.1526438796966","38.710510808556","693","Misericórdia","21843: R São Bento, 15","Vidro","CV0090","90","1","90"
"-9.1513003925954","38.712243029743","694","Misericórdia","21844: R Cruz dos Poiais de São Bento, Crt R das Parreiras","Papel e Cartão","CV0240","240","1","240"
"-9.1513003925954","38.712243029743","695","Misericórdia","21844: R Cruz dos Poiais de São Bento, Crt R das Parreiras","Papel e Cartão","CV0240","240","1","240"
"-9.1513003925954","38.712243029743","696","Misericórdia","21844: R Cruz dos Poiais de São Bento, Crt R das Parreiras","Embalagens","CV0240","240","1","240"
"-9.1513003925954","38.712243029743","697","Misericórdia","21844: R Cruz dos Poiais de São Bento, Crt R das Parreiras","Lixos","CV0240","240","1","240"
"-9.1513003925954","38.712243029743","698","Misericórdia","21844: R Cruz dos Poiais de São Bento, Crt R das Parreiras","Vidro","CV0240","240","1","240"
"-9.1513003925954","38.712243029743","699","Misericórdia","21844: R Cruz dos Poiais de São Bento, Crt R das Parreiras","Embalagens","CV0240","240","1","240"
"-9.1513003925954","38.712243029743","700","Misericórdia","21844: R Cruz dos Poiais de São Bento, Crt R das Parreiras","Lixos","CV0240","240","1","240"
"-9.1475286281271","38.705691146327","938","Misericórdia","21957: R da Cintura do Porto de Lisboa, 3154 Armazém B","Embalagens","CV0240","240","2","480"
"-9.1475286281271","38.705691146327","939","Misericórdia","21957: R da Cintura do Porto de Lisboa, 3154 Armazém B","Lixos","CV0240","240","1","240"
"-9.1475286281271","38.705691146327","940","Misericórdia","21957: R da Cintura do Porto de Lisboa, 3154 Armazém B","Vidro","CV0240","240","1","240"
"-9.1507756102811","38.708482335225","944","Misericórdia","21959: R Instituto Industrial, 7-7D","Lixos","CV0240","240","1","240"
"-9.1507756102811","38.708482335225","945","Misericórdia","21959: R Instituto Industrial, 7-7D","Embalagens","CV0240","240","2","480"
"-9.1507756102811","38.708482335225","946","Misericórdia","21959: R Instituto Industrial, 7-7D","Vidro","CV0140","140","4","560"
"-9.1507756102811","38.708482335225","947","Misericórdia","21959: R Instituto Industrial, 7-7D","Organicos","CV0240","240","3","720"
"-9.146054168454","38.707919877341","843","Misericórdia","21911: Tv Carvalho, frt nº 29","Papel e Cartão","ECIS3000","3000","2","6000"
"-9.146054168454","38.707919877341","844","Misericórdia","21911: Tv Carvalho, frt nº 29","Embalagens","ECIS3000","3000","2","6000"
"-9.146054168454","38.707919877341","845","Misericórdia","21911: Tv Carvalho, frt nº 29","Vidro","ECIS3000","3000","1","3000"
"-9.146054168454","38.707919877341","846","Misericórdia","21911: Tv Carvalho, frt nº 29","Lixos","ECIS3000","3000","2","6000"
"-9.1490679767064","38.708857523398","921","Misericórdia","21952: R da Boavista, 88-94","Papel e Cartão","CV0090","90","1","90"
"-9.1490679767064","38.708857523398","922","Misericórdia","21952: R da Boavista, 88-94","Organicos","CV0090","90","1","90"
"-9.1490679767064","38.708857523398","923","Misericórdia","21952: R da Boavista, 88-94","Vidro","CV0140","140","1","140"
"-9.1490679767064","38.708857523398","924","Misericórdia","21952: R da Boavista, 88-94","Embalagens","CV0090","90","1","90"
"-9.1515807397275","38.707700640143","965","Misericórdia","21969: R Dom Luís I, 34","Papel e Cartão","CV0240","240","1","240"
"-9.1515807397275","38.707700640143","966","Misericórdia","21969: R Dom Luís I, 34","Embalagens","CV0090","90","1","90"
"-9.1444416044842","38.709330073838","715","Misericórdia","21854: R Emenda, 41-43-45-47","Papel e Cartão","CV0140","140","1","140"
"-9.1444416044842","38.709330073838","716","Misericórdia","21854: R Emenda, 41-43-45-47","Vidro","CV0240","240","1","240"
"-9.1444416044842","38.709330073838","717","Misericórdia","21854: R Emenda, 41-43-45-47","Embalagens","CV0140","140","1","140"
"-9.1440834291124","38.711648187736","897","Misericórdia","21938: R Diário de Notícias, 40-A","Organicos","CV0240","240","1","240"
"-9.1432924894542","38.707736629323","951","Misericórdia","21961: R do Alecrim, 24","Embalagens","CV0090","90","1","90"
"-9.1473152989083","38.711737253553","736","Misericórdia","21866: R O Século, 12","Papel e Cartão","CV0090","90","1","90"
"-9.1473152989083","38.711737253553","737","Misericórdia","21866: R O Século, 12","Organicos","CV0090","90","1","90"
"-9.1473152989083","38.711737253553","738","Misericórdia","21866: R O Século, 12","Vidro","CV0090","90","1","90"
"-9.1473152989083","38.711737253553","739","Misericórdia","21866: R O Século, 12","Embalagens","CV0090","90","1","90"
"-9.1473152989083","38.711737253553","740","Misericórdia","21866: R O Século, 12","Lixos","CV0090","90","1","90"
"-9.1473152989083","38.711737253553","741","Misericórdia","21866: R O Século, 12","Lixos","CV0090","90","1","90"
"-9.1464247055424","38.710546947731","959","Misericórdia","21966: R Marechal Saldanha, 26-26/A","Lixos","CV0140","140","3","420"
"-9.1464247055424","38.710546947731","960","Misericórdia","21966: R Marechal Saldanha, 26-26/A","Lixos","CV0140","140","3","420"
"-9.1464247055424","38.710546947731","961","Misericórdia","21966: R Marechal Saldanha, 26-26/A","Organicos","CV0140","140","1","140"
"-9.1464247055424","38.710546947731","962","Misericórdia","21966: R Marechal Saldanha, 26-26/A","Vidro","CV0140","140","1","140"
"-9.1449778313351","38.710667592833","963","Misericórdia","21967: R Loreto, 57-59","Organicos","CV0140","140","1","140"
"-9.1432337459228","38.707647060113","906","Misericórdia","21944: R Ferragial, 33-B","Vidro","CV0240","240","1","240"
"-9.1432337459228","38.707647060113","907","Misericórdia","21944: R Ferragial, 33-B","Organicos","CV0240","240","1","240"
"-9.1484167421428","38.707521022738","880","Misericórdia","21932: R Dom Luís I, 7-9","Embalagens","CV0240","240","1","240"
"-9.1484167421428","38.707521022738","881","Misericórdia","21932: R Dom Luís I, 7-9","Papel e Cartão","CV0240","240","1","240"
"-9.1462023275938","38.707828513811","789","Misericórdia","21889: Tv Carvalho, 27-27/A","Vidro","CV0090","90","1","90"
"-9.1462023275938","38.707828513811","790","Misericórdia","21889: Tv Carvalho, 27-27/A","Vidro","CV0090","90","1","90"
"-9.1425978276348","38.709021751547","869","Misericórdia","21925: R António Maria Cardoso, 31/33/35","Papel e Cartão","CV0090","90","1","90"
"-9.1425978276348","38.709021751547","870","Misericórdia","21925: R António Maria Cardoso, 31/33/35","Lixos","CV0140","140","1","140"
"-9.1425978276348","38.709021751547","871","Misericórdia","21925: R António Maria Cardoso, 31/33/35","Lixos","CV0140","140","1","140"
"-9.1458457431384","38.71025471309","874","Misericórdia","21927: Tv Sequeiro, Jt 8","Lixos","CV0240","240","5","1200"
"-9.1458457431384","38.71025471309","875","Misericórdia","21927: Tv Sequeiro, Jt 8","Lixos","CV0240","240","5","1200"
"-9.1440845717694","38.711729248618","898","Misericórdia","21939: R Diário de Notícias, 40-B","Organicos","CV0240","240","1","240"
"-9.1522566348423","38.71400021693","912","Misericórdia","21949: R Quintinha, 70-B","Organicos","CV0140","140","1","140"
"-9.1522566348423","38.71400021693","913","Misericórdia","21949: R Quintinha, 70-B","Vidro","CV0140","140","1","140"
